Brand name,Price,Rating,Rating count,Review count,Ranking,URL,SKU
Golens,19499,4.3,64,64,4,https://www.amazon.in/Golens-X19-Recognition-Intercom-Fingerprint/dp/B0BSP2PFG1/ref=sr_1_145?dib=eyJ2IjoiMSJ9.cRXSTpsalr9Z9v7izKGBsAtUPy4N6A5d1MYxX2FxA0kzhESI1QVjuZJIC6XM7pa84pYzF3Rouv5aj7faytZOaVSc2roxkA_xDZSdAbOBRN1q1zu73YuA8w7UGJ9I87WoA0hUcin6flDBBdGMLTYwQBhBXeu7FD0d83zaKQcr70S_Spti4T8ObOxqSSYop-fkZqrKzco0lVEI1MDk3lUbqF3qR99rjO9G0oBQpaR455_cuP3JbJDjj0Te0Snd9sLA0YK6eatEYk9LqeZhG8Q-lDsSq9CMvajI-_byDYOZJgc.vwXBbKerCDcGG038AEYzXG8hYPpWR04iTIKfI5U_0Lo&dib_tag=se&keywords=smart+lock&qid=1721374871&sr=8-145,3
bolt,4999,3.3,5,5,5,https://www.amazon.in/Padlock-Bluetooth-Security-Waterproof-Platform/dp/B09P58BKMJ/ref=sr_1_146?dib=eyJ2IjoiMSJ9.cRXSTpsalr9Z9v7izKGBsAtUPy4N6A5d1MYxX2FxA0kzhESI1QVjuZJIC6XM7pa84pYzF3Rouv5aj7faytZOaVSc2roxkA_xDZSdAbOBRN1q1zu73YuA8w7UGJ9I87WoA0hUcin6flDBBdGMLTYwQBhBXeu7FD0d83zaKQcr70S_Spti4T8ObOxqSSYop-fkZqrKzco0lVEI1MDk3lUbqF3qR99rjO9G0oBQpaR455_cuP3JbJDjj0Te0Snd9sLA0YK6eatEYk9LqeZhG8Q-lDsSq9CMvajI-_byDYOZJgc.vwXBbKerCDcGG038AEYzXG8hYPpWR04iTIKfI5U_0Lo&dib_tag=se&keywords=smart+lock&qid=1721374871&sr=8-146,1
AUTENS,1699,3.5,24,24,6,https://www.amazon.in/AUTENS-Fingerprint-Rechargeable-Electronic-Biometric/dp/B09V45YS22/ref=sr_1_147?dib=eyJ2IjoiMSJ9.cRXSTpsalr9Z9v7izKGBsAtUPy4N6A5d1MYxX2FxA0kzhESI1QVjuZJIC6XM7pa84pYzF3Rouv5aj7faytZOaVSc2roxkA_xDZSdAbOBRN1q1zu73YuA8w7UGJ9I87WoA0hUcin6flDBBdGMLTYwQBhBXeu7FD0d83zaKQcr70S_Spti4T8ObOxqSSYop-fkZqrKzco0lVEI1MDk3lUbqF3qR99rjO9G0oBQpaR455_cuP3JbJDjj0Te0Snd9sLA0YK6eatEYk9LqeZhG8Q-lDsSq9CMvajI-_byDYOZJgc.vwXBbKerCDcGG038AEYzXG8hYPpWR04iTIKfI5U_0Lo&dib_tag=se&keywords=smart+lock&qid=1721374871&sr=8-147,1
CODACE,1699,3.6,94,94,9,https://www.amazon.in/Electronic-Fingerprint-Furniture-Cupboard-Biometric/dp/B08P5986C2/ref=sr_1_148?dib=eyJ2IjoiMSJ9.cRXSTpsalr9Z9v7izKGBsAtUPy4N6A5d1MYxX2FxA0kzhESI1QVjuZJIC6XM7pa84pYzF3Rouv5aj7faytZOaVSc2roxkA_xDZSdAbOBRN1q1zu73YuA8w7UGJ9I87WoA0hUcin6flDBBdGMLTYwQBhBXeu7FD0d83zaKQcr70S_Spti4T8ObOxqSSYop-fkZqrKzco0lVEI1MDk3lUbqF3qR99rjO9G0oBQpaR455_cuP3JbJDjj0Te0Snd9sLA0YK6eatEYk9LqeZhG8Q-lDsSq9CMvajI-_byDYOZJgc.vwXBbKerCDcGG038AEYzXG8hYPpWR04iTIKfI5U_0Lo&dib_tag=se&keywords=smart+lock&qid=1721374871&sr=8-148,1
Escozor速,4199,0.0,0,0,10,https://www.amazon.in/Escozor%C2%AE-Smart-Furniture-Digital-Keyless/dp/B0C4ZK2FDQ/ref=sr_1_149?dib=eyJ2IjoiMSJ9.cRXSTpsalr9Z9v7izKGBsAtUPy4N6A5d1MYxX2FxA0kzhESI1QVjuZJIC6XM7pa84pYzF3Rouv5aj7faytZOaVSc2roxkA_xDZSdAbOBRN1q1zu73YuA8w7UGJ9I87WoA0hUcin6flDBBdGMLTYwQBhBXeu7FD0d83zaKQcr70S_Spti4T8ObOxqSSYop-fkZqrKzco0lVEI1MDk3lUbqF3qR99rjO9G0oBQpaR455_cuP3JbJDjj0Te0Snd9sLA0YK6eatEYk9LqeZhG8Q-lDsSq9CMvajI-_byDYOZJgc.vwXBbKerCDcGG038AEYzXG8hYPpWR04iTIKfI5U_0Lo&dib_tag=se&keywords=smart+lock&qid=1721374871&sr=8-149,3
EZVIZ,11999,0.0,0,0,11,https://www.amazon.in/EZVIZ-Fingerprint-Unlocking-Supports-Emergency/dp/B0CJNM4TZW/ref=sr_1_150?dib=eyJ2IjoiMSJ9.cRXSTpsalr9Z9v7izKGBsAtUPy4N6A5d1MYxX2FxA0kzhESI1QVjuZJIC6XM7pa84pYzF3Rouv5aj7faytZOaVSc2roxkA_xDZSdAbOBRN1q1zu73YuA8w7UGJ9I87WoA0hUcin6flDBBdGMLTYwQBhBXeu7FD0d83zaKQcr70S_Spti4T8ObOxqSSYop-fkZqrKzco0lVEI1MDk3lUbqF3qR99rjO9G0oBQpaR455_cuP3JbJDjj0Te0Snd9sLA0YK6eatEYk9LqeZhG8Q-lDsSq9CMvajI-_byDYOZJgc.vwXBbKerCDcGG038AEYzXG8hYPpWR04iTIKfI5U_0Lo&dib_tag=se&keywords=smart+lock&qid=1721374871&sr=8-150,1
Smart,1699,3.8,33,33,12,https://www.amazon.in/Fingerprint-Biometric-Electronic-Wardrobe-Furniture/dp/B09VC2Y146/ref=sr_1_151?dib=eyJ2IjoiMSJ9.cRXSTpsalr9Z9v7izKGBsAtUPy4N6A5d1MYxX2FxA0kzhESI1QVjuZJIC6XM7pa84pYzF3Rouv5aj7faytZOaVSc2roxkA_xDZSdAbOBRN1q1zu73YuA8w7UGJ9I87WoA0hUcin6flDBBdGMLTYwQBhBXeu7FD0d83zaKQcr70S_Spti4T8ObOxqSSYop-fkZqrKzco0lVEI1MDk3lUbqF3qR99rjO9G0oBQpaR455_cuP3JbJDjj0Te0Snd9sLA0YK6eatEYk9LqeZhG8Q-lDsSq9CMvajI-_byDYOZJgc.vwXBbKerCDcGG038AEYzXG8hYPpWR04iTIKfI5U_0Lo&dib_tag=se&keywords=smart+lock&qid=1721374871&sr=8-151,2
QUBO,23980,5.0,1,1,13,https://www.amazon.in/Anywhere-Unlocking-Fingerprint-Bluetooth-Mechanical/dp/B0CH1BLVZF/ref=sr_1_152?dib=eyJ2IjoiMSJ9.cRXSTpsalr9Z9v7izKGBsAtUPy4N6A5d1MYxX2FxA0kzhESI1QVjuZJIC6XM7pa84pYzF3Rouv5aj7faytZOaVSc2roxkA_xDZSdAbOBRN1q1zu73YuA8w7UGJ9I87WoA0hUcin6flDBBdGMLTYwQBhBXeu7FD0d83zaKQcr70S_Spti4T8ObOxqSSYop-fkZqrKzco0lVEI1MDk3lUbqF3qR99rjO9G0oBQpaR455_cuP3JbJDjj0Te0Snd9sLA0YK6eatEYk9LqeZhG8Q-lDsSq9CMvajI-_byDYOZJgc.vwXBbKerCDcGG038AEYzXG8hYPpWR04iTIKfI5U_0Lo&dib_tag=se&keywords=smart+lock&qid=1721374871&sr=8-152,2
Equal,7990,3.1,4,4,14,https://www.amazon.in/S8-Unlocking-Fingerprint-Mechanical-Wifi/dp/B0CTTKF5P2/ref=sr_1_153?dib=eyJ2IjoiMSJ9.cRXSTpsalr9Z9v7izKGBsAtUPy4N6A5d1MYxX2FxA0kzhESI1QVjuZJIC6XM7pa84pYzF3Rouv5aj7faytZOaVSc2roxkA_xDZSdAbOBRN1q1zu73YuA8w7UGJ9I87WoA0hUcin6flDBBdGMLTYwQBhBXeu7FD0d83zaKQcr70S_Spti4T8ObOxqSSYop-fkZqrKzco0lVEI1MDk3lUbqF3qR99rjO9G0oBQpaR455_cuP3JbJDjj0Te0Snd9sLA0YK6eatEYk9LqeZhG8Q-lDsSq9CMvajI-_byDYOZJgc.vwXBbKerCDcGG038AEYzXG8hYPpWR04iTIKfI5U_0Lo&dib_tag=se&keywords=smart+lock&qid=1721374871&sr=8-153,1
Jenix,549,3.0,2,2,18,https://www.amazon.in/Jenix-Waterproof-13-56MHz-Proximity-Security/dp/B0BXFPGXL3/ref=sr_1_154?dib=eyJ2IjoiMSJ9.cRXSTpsalr9Z9v7izKGBsAtUPy4N6A5d1MYxX2FxA0kzhESI1QVjuZJIC6XM7pa84pYzF3Rouv5aj7faytZOaVSc2roxkA_xDZSdAbOBRN1q1zu73YuA8w7UGJ9I87WoA0hUcin6flDBBdGMLTYwQBhBXeu7FD0d83zaKQcr70S_Spti4T8ObOxqSSYop-fkZqrKzco0lVEI1MDk3lUbqF3qR99rjO9G0oBQpaR455_cuP3JbJDjj0Te0Snd9sLA0YK6eatEYk9LqeZhG8Q-lDsSq9CMvajI-_byDYOZJgc.vwXBbKerCDcGG038AEYzXG8hYPpWR04iTIKfI5U_0Lo&dib_tag=se&keywords=smart+lock&qid=1721374871&sr=8-154,1
ZKTeco,8999,2.2,7,7,19,https://www.amazon.in/ZKTeco-Unlocking-Fingerprint-Pincode-Mechanical/dp/B0BJVKSB64/ref=sr_1_155?dib=eyJ2IjoiMSJ9.cRXSTpsalr9Z9v7izKGBsAtUPy4N6A5d1MYxX2FxA0kzhESI1QVjuZJIC6XM7pa84pYzF3Rouv5aj7faytZOaVSc2roxkA_xDZSdAbOBRN1q1zu73YuA8w7UGJ9I87WoA0hUcin6flDBBdGMLTYwQBhBXeu7FD0d83zaKQcr70S_Spti4T8ObOxqSSYop-fkZqrKzco0lVEI1MDk3lUbqF3qR99rjO9G0oBQpaR455_cuP3JbJDjj0Te0Snd9sLA0YK6eatEYk9LqeZhG8Q-lDsSq9CMvajI-_byDYOZJgc.vwXBbKerCDcGG038AEYzXG8hYPpWR04iTIKfI5U_0Lo&dib_tag=se&keywords=smart+lock&qid=1721374871&sr=8-155,3
ZKTeco,12980,4.0,7,7,20,https://www.amazon.in/ZKTeco-Fingerprint-Keypad-Bluetooth-Assistant/dp/B09GPH4VLR/ref=sr_1_156?dib=eyJ2IjoiMSJ9.cRXSTpsalr9Z9v7izKGBsAtUPy4N6A5d1MYxX2FxA0kzhESI1QVjuZJIC6XM7pa84pYzF3Rouv5aj7faytZOaVSc2roxkA_xDZSdAbOBRN1q1zu73YuA8w7UGJ9I87WoA0hUcin6flDBBdGMLTYwQBhBXeu7FD0d83zaKQcr70S_Spti4T8ObOxqSSYop-fkZqrKzco0lVEI1MDk3lUbqF3qR99rjO9G0oBQpaR455_cuP3JbJDjj0Te0Snd9sLA0YK6eatEYk9LqeZhG8Q-lDsSq9CMvajI-_byDYOZJgc.vwXBbKerCDcGG038AEYzXG8hYPpWR04iTIKfI5U_0Lo&dib_tag=se&keywords=smart+lock&qid=1721374871&sr=8-156,3
Qubo,12980,0.0,0,0,21,https://www.amazon.in/Qubo-Smart-Ultra-Gateway-Combo/dp/B0CH1DKWPV/ref=sr_1_157?dib=eyJ2IjoiMSJ9.cRXSTpsalr9Z9v7izKGBsAtUPy4N6A5d1MYxX2FxA0kzhESI1QVjuZJIC6XM7pa84pYzF3Rouv5aj7faytZOaVSc2roxkA_xDZSdAbOBRN1q1zu73YuA8w7UGJ9I87WoA0hUcin6flDBBdGMLTYwQBhBXeu7FD0d83zaKQcr70S_Spti4T8ObOxqSSYop-fkZqrKzco0lVEI1MDk3lUbqF3qR99rjO9G0oBQpaR455_cuP3JbJDjj0Te0Snd9sLA0YK6eatEYk9LqeZhG8Q-lDsSq9CMvajI-_byDYOZJgc.vwXBbKerCDcGG038AEYzXG8hYPpWR04iTIKfI5U_0Lo&dib_tag=se&keywords=smart+lock&qid=1721374871&sr=8-157,2
NEXMOT,6999,5.0,2,2,22,https://www.amazon.in/NEXMOT-Ultra-Fingerprint-Bluetooth-NX/dp/B0CZXKTNYL/ref=sr_1_158?dib=eyJ2IjoiMSJ9.cRXSTpsalr9Z9v7izKGBsAtUPy4N6A5d1MYxX2FxA0kzhESI1QVjuZJIC6XM7pa84pYzF3Rouv5aj7faytZOaVSc2roxkA_xDZSdAbOBRN1q1zu73YuA8w7UGJ9I87WoA0hUcin6flDBBdGMLTYwQBhBXeu7FD0d83zaKQcr70S_Spti4T8ObOxqSSYop-fkZqrKzco0lVEI1MDk3lUbqF3qR99rjO9G0oBQpaR455_cuP3JbJDjj0Te0Snd9sLA0YK6eatEYk9LqeZhG8Q-lDsSq9CMvajI-_byDYOZJgc.vwXBbKerCDcGG038AEYzXG8hYPpWR04iTIKfI5U_0Lo&dib_tag=se&keywords=smart+lock&qid=1721374871&sr=8-158,1
Ozone,18360,2.9,2,2,23,https://www.amazon.in/Ozone-Assistant-Enabled-Fingerprint-Blutooth/dp/B084N4PRXV/ref=sr_1_159?dib=eyJ2IjoiMSJ9.cRXSTpsalr9Z9v7izKGBsAtUPy4N6A5d1MYxX2FxA0kzhESI1QVjuZJIC6XM7pa84pYzF3Rouv5aj7faytZOaVSc2roxkA_xDZSdAbOBRN1q1zu73YuA8w7UGJ9I87WoA0hUcin6flDBBdGMLTYwQBhBXeu7FD0d83zaKQcr70S_Spti4T8ObOxqSSYop-fkZqrKzco0lVEI1MDk3lUbqF3qR99rjO9G0oBQpaR455_cuP3JbJDjj0Te0Snd9sLA0YK6eatEYk9LqeZhG8Q-lDsSq9CMvajI-_byDYOZJgc.vwXBbKerCDcGG038AEYzXG8hYPpWR04iTIKfI5U_0Lo&dib_tag=se&keywords=smart+lock&qid=1721374871&sr=8-159,1
AllExtreme,2143,3.6,20,20,24,https://www.amazon.in/AllExtreme-Fingerprint-Waterproof-Anti-Theft-Motorcycles/dp/B09QKN73DF/ref=sr_1_160?dib=eyJ2IjoiMSJ9.cRXSTpsalr9Z9v7izKGBsAtUPy4N6A5d1MYxX2FxA0kzhESI1QVjuZJIC6XM7pa84pYzF3Rouv5aj7faytZOaVSc2roxkA_xDZSdAbOBRN1q1zu73YuA8w7UGJ9I87WoA0hUcin6flDBBdGMLTYwQBhBXeu7FD0d83zaKQcr70S_Spti4T8ObOxqSSYop-fkZqrKzco0lVEI1MDk3lUbqF3qR99rjO9G0oBQpaR455_cuP3JbJDjj0Te0Snd9sLA0YK6eatEYk9LqeZhG8Q-lDsSq9CMvajI-_byDYOZJgc.vwXBbKerCDcGG038AEYzXG8hYPpWR04iTIKfI5U_0Lo&dib_tag=se&keywords=smart+lock&qid=1721374871&sr=8-160,1
Electronic,2989,0.0,0,0,25,https://www.amazon.in/Electronic-Charging-Password-Cupboards-Wardrobe/dp/B09KBB61SW/ref=sr_1_161?dib=eyJ2IjoiMSJ9.cRXSTpsalr9Z9v7izKGBsAtUPy4N6A5d1MYxX2FxA0kzhESI1QVjuZJIC6XM7pa84pYzF3Rouv5aj7faytZOaVSc2roxkA_xDZSdAbOBRN1q1zu73YuA8w7UGJ9I87WoA0hUcin6flDBBdGMLTYwQBhBXeu7FD0d83zaKQcr70S_Spti4T8ObOxqSSYop-fkZqrKzco0lVEI1MDk3lUbqF3qR99rjO9G0oBQpaR455_cuP3JbJDjj0Te0Snd9sLA0YK6eatEYk9LqeZhG8Q-lDsSq9CMvajI-_byDYOZJgc.vwXBbKerCDcGG038AEYzXG8hYPpWR04iTIKfI5U_0Lo&dib_tag=se&keywords=smart+lock&qid=1721374871&sr=8-161,1
HAWKVISION,8999,0.0,0,0,26,https://www.amazon.in/HAWKVISION-Fingerprint-Digital-Unlocking-Fingerpribnt/dp/B0CR9TRRVN/ref=sr_1_162?dib=eyJ2IjoiMSJ9.cRXSTpsalr9Z9v7izKGBsAtUPy4N6A5d1MYxX2FxA0kzhESI1QVjuZJIC6XM7pa84pYzF3Rouv5aj7faytZOaVSc2roxkA_xDZSdAbOBRN1q1zu73YuA8w7UGJ9I87WoA0hUcin6flDBBdGMLTYwQBhBXeu7FD0d83zaKQcr70S_Spti4T8ObOxqSSYop-fkZqrKzco0lVEI1MDk3lUbqF3qR99rjO9G0oBQpaR455_cuP3JbJDjj0Te0Snd9sLA0YK6eatEYk9LqeZhG8Q-lDsSq9CMvajI-_byDYOZJgc.vwXBbKerCDcGG038AEYzXG8hYPpWR04iTIKfI5U_0Lo&dib_tag=se&keywords=smart+lock&qid=1721374871&sr=8-162,1
Putmax,4499,3.5,53,53,27,https://www.amazon.in/Putmax-Fingerprint-Biometric-Reversible-Apartment/dp/B09VG77BMJ/ref=sr_1_163?dib=eyJ2IjoiMSJ9.cRXSTpsalr9Z9v7izKGBsAtUPy4N6A5d1MYxX2FxA0kzhESI1QVjuZJIC6XM7pa84pYzF3Rouv5aj7faytZOaVSc2roxkA_xDZSdAbOBRN1q1zu73YuA8w7UGJ9I87WoA0hUcin6flDBBdGMLTYwQBhBXeu7FD0d83zaKQcr70S_Spti4T8ObOxqSSYop-fkZqrKzco0lVEI1MDk3lUbqF3qR99rjO9G0oBQpaR455_cuP3JbJDjj0Te0Snd9sLA0YK6eatEYk9LqeZhG8Q-lDsSq9CMvajI-_byDYOZJgc.vwXBbKerCDcGG038AEYzXG8hYPpWR04iTIKfI5U_0Lo&dib_tag=se&keywords=smart+lock&qid=1721374871&sr=8-163,1
Godrej,10239,3.9,8,8,28,https://www.amazon.in/Godrej-Digital-Fingerprint-Mechanical-Function/dp/B0CM98998Z/ref=sr_1_164?dib=eyJ2IjoiMSJ9.cRXSTpsalr9Z9v7izKGBsAtUPy4N6A5d1MYxX2FxA0kzhESI1QVjuZJIC6XM7pa84pYzF3Rouv5aj7faytZOaVSc2roxkA_xDZSdAbOBRN1q1zu73YuA8w7UGJ9I87WoA0hUcin6flDBBdGMLTYwQBhBXeu7FD0d83zaKQcr70S_Spti4T8ObOxqSSYop-fkZqrKzco0lVEI1MDk3lUbqF3qR99rjO9G0oBQpaR455_cuP3JbJDjj0Te0Snd9sLA0YK6eatEYk9LqeZhG8Q-lDsSq9CMvajI-_byDYOZJgc.vwXBbKerCDcGG038AEYzXG8hYPpWR04iTIKfI5U_0Lo&dib_tag=se&keywords=smart+lock&qid=1721374871&sr=8-164,2
SLYDER,9457,0.0,0,0,29,https://www.amazon.in/SLYDER-Office-Fingerprint-Emergency-Biometric/dp/B0CVB1TCR3/ref=sr_1_165?dib=eyJ2IjoiMSJ9.cRXSTpsalr9Z9v7izKGBsAtUPy4N6A5d1MYxX2FxA0kzhESI1QVjuZJIC6XM7pa84pYzF3Rouv5aj7faytZOaVSc2roxkA_xDZSdAbOBRN1q1zu73YuA8w7UGJ9I87WoA0hUcin6flDBBdGMLTYwQBhBXeu7FD0d83zaKQcr70S_Spti4T8ObOxqSSYop-fkZqrKzco0lVEI1MDk3lUbqF3qR99rjO9G0oBQpaR455_cuP3JbJDjj0Te0Snd9sLA0YK6eatEYk9LqeZhG8Q-lDsSq9CMvajI-_byDYOZJgc.vwXBbKerCDcGG038AEYzXG8hYPpWR04iTIKfI5U_0Lo&dib_tag=se&keywords=smart+lock&qid=1721374871&sr=8-165,1
EXCLUZO,8802,0.0,0,0,30,https://www.amazon.in/EXCLUZO-Semiconductor-Fingerprint-Multifunctional-Apartment/dp/B0CB67CMQT/ref=sr_1_166?dib=eyJ2IjoiMSJ9.cRXSTpsalr9Z9v7izKGBsAtUPy4N6A5d1MYxX2FxA0kzhESI1QVjuZJIC6XM7pa84pYzF3Rouv5aj7faytZOaVSc2roxkA_xDZSdAbOBRN1q1zu73YuA8w7UGJ9I87WoA0hUcin6flDBBdGMLTYwQBhBXeu7FD0d83zaKQcr70S_Spti4T8ObOxqSSYop-fkZqrKzco0lVEI1MDk3lUbqF3qR99rjO9G0oBQpaR455_cuP3JbJDjj0Te0Snd9sLA0YK6eatEYk9LqeZhG8Q-lDsSq9CMvajI-_byDYOZJgc.vwXBbKerCDcGG038AEYzXG8hYPpWR04iTIKfI5U_0Lo&dib_tag=se&keywords=smart+lock&qid=1721374871&sr=8-166,2
ROBSYNC,9948,4.4,41,41,31,https://www.amazon.in/ROBSYNC-Secure-Door-Tapping-Offices-Wireless/dp/B0BTH9Q4RX/ref=sr_1_167?dib=eyJ2IjoiMSJ9.cRXSTpsalr9Z9v7izKGBsAtUPy4N6A5d1MYxX2FxA0kzhESI1QVjuZJIC6XM7pa84pYzF3Rouv5aj7faytZOaVSc2roxkA_xDZSdAbOBRN1q1zu73YuA8w7UGJ9I87WoA0hUcin6flDBBdGMLTYwQBhBXeu7FD0d83zaKQcr70S_Spti4T8ObOxqSSYop-fkZqrKzco0lVEI1MDk3lUbqF3qR99rjO9G0oBQpaR455_cuP3JbJDjj0Te0Snd9sLA0YK6eatEYk9LqeZhG8Q-lDsSq9CMvajI-_byDYOZJgc.vwXBbKerCDcGG038AEYzXG8hYPpWR04iTIKfI5U_0Lo&dib_tag=se&keywords=smart+lock&qid=1721374871&sr=8-167,1
amiciSmart,10199,5.0,1,1,32,https://www.amazon.in/amiciSmart-Biometric-Smartlife-Compatible-Multiple/dp/B0BBW1ZRG2/ref=sr_1_168?dib=eyJ2IjoiMSJ9.cRXSTpsalr9Z9v7izKGBsAtUPy4N6A5d1MYxX2FxA0kzhESI1QVjuZJIC6XM7pa84pYzF3Rouv5aj7faytZOaVSc2roxkA_xDZSdAbOBRN1q1zu73YuA8w7UGJ9I87WoA0hUcin6flDBBdGMLTYwQBhBXeu7FD0d83zaKQcr70S_Spti4T8ObOxqSSYop-fkZqrKzco0lVEI1MDk3lUbqF3qR99rjO9G0oBQpaR455_cuP3JbJDjj0Te0Snd9sLA0YK6eatEYk9LqeZhG8Q-lDsSq9CMvajI-_byDYOZJgc.vwXBbKerCDcGG038AEYzXG8hYPpWR04iTIKfI5U_0Lo&dib_tag=se&keywords=smart+lock&qid=1721374871&sr=8-168,1
Okos,0,5.0,1,1,33,https://www.amazon.in/Okos-Supports-Automation-Fingerprint-Password/dp/B08P9KP4RG/ref=sr_1_169?dib=eyJ2IjoiMSJ9.cRXSTpsalr9Z9v7izKGBsAtUPy4N6A5d1MYxX2FxA0kzhESI1QVjuZJIC6XM7pa84pYzF3Rouv5aj7faytZOaVSc2roxkA_xDZSdAbOBRN1q1zu73YuA8w7UGJ9I87WoA0hUcin6flDBBdGMLTYwQBhBXeu7FD0d83zaKQcr70S_Spti4T8ObOxqSSYop-fkZqrKzco0lVEI1MDk3lUbqF3qR99rjO9G0oBQpaR455_cuP3JbJDjj0Te0Snd9sLA0YK6eatEYk9LqeZhG8Q-lDsSq9CMvajI-_byDYOZJgc.vwXBbKerCDcGG038AEYzXG8hYPpWR04iTIKfI5U_0Lo&dib_tag=se&keywords=smart+lock&qid=1721374871&sr=8-169,1
Golens,1999,5.0,4,4,34,https://www.amazon.in/Golens-X61-Independent-Indicator-Protection/dp/B0C3K6CTKY/ref=sr_1_170?dib=eyJ2IjoiMSJ9.cRXSTpsalr9Z9v7izKGBsAtUPy4N6A5d1MYxX2FxA0kzhESI1QVjuZJIC6XM7pa84pYzF3Rouv5aj7faytZOaVSc2roxkA_xDZSdAbOBRN1q1zu73YuA8w7UGJ9I87WoA0hUcin6flDBBdGMLTYwQBhBXeu7FD0d83zaKQcr70S_Spti4T8ObOxqSSYop-fkZqrKzco0lVEI1MDk3lUbqF3qR99rjO9G0oBQpaR455_cuP3JbJDjj0Te0Snd9sLA0YK6eatEYk9LqeZhG8Q-lDsSq9CMvajI-_byDYOZJgc.vwXBbKerCDcGG038AEYzXG8hYPpWR04iTIKfI5U_0Lo&dib_tag=se&keywords=smart+lock&qid=1721374871&sr=8-170,3
Gadget,159,3.8,106,106,35,https://www.amazon.in/Gadget-Deals-Against-Theft-Bicycle/dp/B0CGJ1Q8YL/ref=sr_1_171?dib=eyJ2IjoiMSJ9.cRXSTpsalr9Z9v7izKGBsAtUPy4N6A5d1MYxX2FxA0kzhESI1QVjuZJIC6XM7pa84pYzF3Rouv5aj7faytZOaVSc2roxkA_xDZSdAbOBRN1q1zu73YuA8w7UGJ9I87WoA0hUcin6flDBBdGMLTYwQBhBXeu7FD0d83zaKQcr70S_Spti4T8ObOxqSSYop-fkZqrKzco0lVEI1MDk3lUbqF3qR99rjO9G0oBQpaR455_cuP3JbJDjj0Te0Snd9sLA0YK6eatEYk9LqeZhG8Q-lDsSq9CMvajI-_byDYOZJgc.vwXBbKerCDcGG038AEYzXG8hYPpWR04iTIKfI5U_0Lo&dib_tag=se&keywords=smart+lock&qid=1721374871&sr=8-171,1
Fingerprint,7400,3.1,29,29,36,https://www.amazon.in/Heavy-Duty-Fingerprint-Padlock-APP/dp/B0C81DZGVV/ref=sr_1_172?dib=eyJ2IjoiMSJ9.cRXSTpsalr9Z9v7izKGBsAtUPy4N6A5d1MYxX2FxA0kzhESI1QVjuZJIC6XM7pa84pYzF3Rouv5aj7faytZOaVSc2roxkA_xDZSdAbOBRN1q1zu73YuA8w7UGJ9I87WoA0hUcin6flDBBdGMLTYwQBhBXeu7FD0d83zaKQcr70S_Spti4T8ObOxqSSYop-fkZqrKzco0lVEI1MDk3lUbqF3qR99rjO9G0oBQpaR455_cuP3JbJDjj0Te0Snd9sLA0YK6eatEYk9LqeZhG8Q-lDsSq9CMvajI-_byDYOZJgc.vwXBbKerCDcGG038AEYzXG8hYPpWR04iTIKfI5U_0Lo&dib_tag=se&keywords=smart+lock&qid=1721374871&sr=8-172,2
Dorset,6799,4.0,9,9,37,https://www.amazon.in/Dorset-Digital-Security-Solution-Installation/dp/B0B9SH8PNK/ref=sr_1_173?dib=eyJ2IjoiMSJ9.cRXSTpsalr9Z9v7izKGBsAtUPy4N6A5d1MYxX2FxA0kzhESI1QVjuZJIC6XM7pa84pYzF3Rouv5aj7faytZOaVSc2roxkA_xDZSdAbOBRN1q1zu73YuA8w7UGJ9I87WoA0hUcin6flDBBdGMLTYwQBhBXeu7FD0d83zaKQcr70S_Spti4T8ObOxqSSYop-fkZqrKzco0lVEI1MDk3lUbqF3qR99rjO9G0oBQpaR455_cuP3JbJDjj0Te0Snd9sLA0YK6eatEYk9LqeZhG8Q-lDsSq9CMvajI-_byDYOZJgc.vwXBbKerCDcGG038AEYzXG8hYPpWR04iTIKfI5U_0Lo&dib_tag=se&keywords=smart+lock&qid=1721374871&sr=8-173,7
ZKTeco,7499,5.0,1,1,38,https://www.amazon.in/ZKTeco-Biometric-Fingerprint-Mechanical-Reversible/dp/B084YRTW1W/ref=sr_1_174?dib=eyJ2IjoiMSJ9.cRXSTpsalr9Z9v7izKGBsAtUPy4N6A5d1MYxX2FxA0kzhESI1QVjuZJIC6XM7pa84pYzF3Rouv5aj7faytZOaVSc2roxkA_xDZSdAbOBRN1q1zu73YuA8w7UGJ9I87WoA0hUcin6flDBBdGMLTYwQBhBXeu7FD0d83zaKQcr70S_Spti4T8ObOxqSSYop-fkZqrKzco0lVEI1MDk3lUbqF3qR99rjO9G0oBQpaR455_cuP3JbJDjj0Te0Snd9sLA0YK6eatEYk9LqeZhG8Q-lDsSq9CMvajI-_byDYOZJgc.vwXBbKerCDcGG038AEYzXG8hYPpWR04iTIKfI5U_0Lo&dib_tag=se&keywords=smart+lock&qid=1721374871&sr=8-174,3
OUTDAZZLE-,159,3.7,88,88,39,https://www.amazon.in/OUTDAZZLE-Against-Theft-Bicycle-Smart/dp/B0CGN8T5Z9/ref=sr_1_175?dib=eyJ2IjoiMSJ9.cRXSTpsalr9Z9v7izKGBsAtUPy4N6A5d1MYxX2FxA0kzhESI1QVjuZJIC6XM7pa84pYzF3Rouv5aj7faytZOaVSc2roxkA_xDZSdAbOBRN1q1zu73YuA8w7UGJ9I87WoA0hUcin6flDBBdGMLTYwQBhBXeu7FD0d83zaKQcr70S_Spti4T8ObOxqSSYop-fkZqrKzco0lVEI1MDk3lUbqF3qR99rjO9G0oBQpaR455_cuP3JbJDjj0Te0Snd9sLA0YK6eatEYk9LqeZhG8Q-lDsSq9CMvajI-_byDYOZJgc.vwXBbKerCDcGG038AEYzXG8hYPpWR04iTIKfI5U_0Lo&dib_tag=se&keywords=smart+lock&qid=1721374871&sr=8-175,1
MORE,480,3.9,113,113,40,https://www.amazon.in/MORE-BUY-Combination-Password-Security/dp/B08QS3HFY1/ref=sr_1_176?dib=eyJ2IjoiMSJ9.cRXSTpsalr9Z9v7izKGBsAtUPy4N6A5d1MYxX2FxA0kzhESI1QVjuZJIC6XM7pa84pYzF3Rouv5aj7faytZOaVSc2roxkA_xDZSdAbOBRN1q1zu73YuA8w7UGJ9I87WoA0hUcin6flDBBdGMLTYwQBhBXeu7FD0d83zaKQcr70S_Spti4T8ObOxqSSYop-fkZqrKzco0lVEI1MDk3lUbqF3qR99rjO9G0oBQpaR455_cuP3JbJDjj0Te0Snd9sLA0YK6eatEYk9LqeZhG8Q-lDsSq9CMvajI-_byDYOZJgc.vwXBbKerCDcGG038AEYzXG8hYPpWR04iTIKfI5U_0Lo&dib_tag=se&keywords=smart+lock&qid=1721374871&sr=8-176,1
Golens,3499,0.0,0,0,41,https://www.amazon.in/Golens-Fingerprint-Biometric-Password-Wardrobe/dp/B0C8JHZSG8/ref=sr_1_177?dib=eyJ2IjoiMSJ9.cRXSTpsalr9Z9v7izKGBsAtUPy4N6A5d1MYxX2FxA0kzhESI1QVjuZJIC6XM7pa84pYzF3Rouv5aj7faytZOaVSc2roxkA_xDZSdAbOBRN1q1zu73YuA8w7UGJ9I87WoA0hUcin6flDBBdGMLTYwQBhBXeu7FD0d83zaKQcr70S_Spti4T8ObOxqSSYop-fkZqrKzco0lVEI1MDk3lUbqF3qR99rjO9G0oBQpaR455_cuP3JbJDjj0Te0Snd9sLA0YK6eatEYk9LqeZhG8Q-lDsSq9CMvajI-_byDYOZJgc.vwXBbKerCDcGG038AEYzXG8hYPpWR04iTIKfI5U_0Lo&dib_tag=se&keywords=smart+lock&qid=1721374871&sr=8-177,3
EzLife,2792,0.0,0,0,42,https://www.amazon.in/EzLife-Fingerprint-Lock-Biometric-Furniture/dp/B0C8MSNRS8/ref=sr_1_178?dib=eyJ2IjoiMSJ9.cRXSTpsalr9Z9v7izKGBsAtUPy4N6A5d1MYxX2FxA0kzhESI1QVjuZJIC6XM7pa84pYzF3Rouv5aj7faytZOaVSc2roxkA_xDZSdAbOBRN1q1zu73YuA8w7UGJ9I87WoA0hUcin6flDBBdGMLTYwQBhBXeu7FD0d83zaKQcr70S_Spti4T8ObOxqSSYop-fkZqrKzco0lVEI1MDk3lUbqF3qR99rjO9G0oBQpaR455_cuP3JbJDjj0Te0Snd9sLA0YK6eatEYk9LqeZhG8Q-lDsSq9CMvajI-_byDYOZJgc.vwXBbKerCDcGG038AEYzXG8hYPpWR04iTIKfI5U_0Lo&dib_tag=se&keywords=smart+lock&qid=1721374871&sr=8-178,1
JAL,2499,0.0,0,0,43,https://www.amazon.in/JAL-Furniture-fingerprints-Locking-method/dp/B0D49VF14R/ref=sr_1_179?dib=eyJ2IjoiMSJ9.cRXSTpsalr9Z9v7izKGBsAtUPy4N6A5d1MYxX2FxA0kzhESI1QVjuZJIC6XM7pa84pYzF3Rouv5aj7faytZOaVSc2roxkA_xDZSdAbOBRN1q1zu73YuA8w7UGJ9I87WoA0hUcin6flDBBdGMLTYwQBhBXeu7FD0d83zaKQcr70S_Spti4T8ObOxqSSYop-fkZqrKzco0lVEI1MDk3lUbqF3qR99rjO9G0oBQpaR455_cuP3JbJDjj0Te0Snd9sLA0YK6eatEYk9LqeZhG8Q-lDsSq9CMvajI-_byDYOZJgc.vwXBbKerCDcGG038AEYzXG8hYPpWR04iTIKfI5U_0Lo&dib_tag=se&keywords=smart+lock&qid=1721374871&sr=8-179,1
Tuchware,8999,0.0,0,0,44,https://www.amazon.in/Tuchware-XS3200-Fingerprint-Manual-Access/dp/B0BQM7RVTB/ref=sr_1_180?dib=eyJ2IjoiMSJ9.cRXSTpsalr9Z9v7izKGBsAtUPy4N6A5d1MYxX2FxA0kzhESI1QVjuZJIC6XM7pa84pYzF3Rouv5aj7faytZOaVSc2roxkA_xDZSdAbOBRN1q1zu73YuA8w7UGJ9I87WoA0hUcin6flDBBdGMLTYwQBhBXeu7FD0d83zaKQcr70S_Spti4T8ObOxqSSYop-fkZqrKzco0lVEI1MDk3lUbqF3qR99rjO9G0oBQpaR455_cuP3JbJDjj0Te0Snd9sLA0YK6eatEYk9LqeZhG8Q-lDsSq9CMvajI-_byDYOZJgc.vwXBbKerCDcGG038AEYzXG8hYPpWR04iTIKfI5U_0Lo&dib_tag=se&keywords=smart+lock&qid=1721374871&sr=8-180,3
Jal,2999,0.0,0,0,45,https://www.amazon.in/Furniture-Suitable-Drawers-Cabinate-Settings/dp/B0D49WPS6R/ref=sr_1_181?dib=eyJ2IjoiMSJ9.cRXSTpsalr9Z9v7izKGBsAtUPy4N6A5d1MYxX2FxA0kzhESI1QVjuZJIC6XM7pa84pYzF3Rouv5aj7faytZOaVSc2roxkA_xDZSdAbOBRN1q1zu73YuA8w7UGJ9I87WoA0hUcin6flDBBdGMLTYwQBhBXeu7FD0d83zaKQcr70S_Spti4T8ObOxqSSYop-fkZqrKzco0lVEI1MDk3lUbqF3qR99rjO9G0oBQpaR455_cuP3JbJDjj0Te0Snd9sLA0YK6eatEYk9LqeZhG8Q-lDsSq9CMvajI-_byDYOZJgc.vwXBbKerCDcGG038AEYzXG8hYPpWR04iTIKfI5U_0Lo&dib_tag=se&keywords=smart+lock&qid=1721374871&sr=8-181,2
Smart,94,3.3,51,51,46,https://www.amazon.in/Shophar-Kiwi-Multipurpose-Cylender-Silver/dp/B0BHJ5QQ22/ref=sr_1_182?dib=eyJ2IjoiMSJ9.cRXSTpsalr9Z9v7izKGBsAtUPy4N6A5d1MYxX2FxA0kzhESI1QVjuZJIC6XM7pa84pYzF3Rouv5aj7faytZOaVSc2roxkA_xDZSdAbOBRN1q1zu73YuA8w7UGJ9I87WoA0hUcin6flDBBdGMLTYwQBhBXeu7FD0d83zaKQcr70S_Spti4T8ObOxqSSYop-fkZqrKzco0lVEI1MDk3lUbqF3qR99rjO9G0oBQpaR455_cuP3JbJDjj0Te0Snd9sLA0YK6eatEYk9LqeZhG8Q-lDsSq9CMvajI-_byDYOZJgc.vwXBbKerCDcGG038AEYzXG8hYPpWR04iTIKfI5U_0Lo&dib_tag=se&keywords=smart+lock&qid=1721374871&sr=8-182,2
Dorset,6499,3.3,11,11,47,https://www.amazon.in/Dorset-Digital-Furniture-Unique-Thickness/dp/B0BFWT1XMC/ref=sr_1_183?dib=eyJ2IjoiMSJ9.cRXSTpsalr9Z9v7izKGBsAtUPy4N6A5d1MYxX2FxA0kzhESI1QVjuZJIC6XM7pa84pYzF3Rouv5aj7faytZOaVSc2roxkA_xDZSdAbOBRN1q1zu73YuA8w7UGJ9I87WoA0hUcin6flDBBdGMLTYwQBhBXeu7FD0d83zaKQcr70S_Spti4T8ObOxqSSYop-fkZqrKzco0lVEI1MDk3lUbqF3qR99rjO9G0oBQpaR455_cuP3JbJDjj0Te0Snd9sLA0YK6eatEYk9LqeZhG8Q-lDsSq9CMvajI-_byDYOZJgc.vwXBbKerCDcGG038AEYzXG8hYPpWR04iTIKfI5U_0Lo&dib_tag=se&keywords=smart+lock&qid=1721374871&sr=8-183,7
DOCOSS,525,4.1,495,495,48,https://www.amazon.in/DOCOSS-Number-Bag-Luggage-Locks/dp/B0BNWFVK4W/ref=sr_1_184?dib=eyJ2IjoiMSJ9.cRXSTpsalr9Z9v7izKGBsAtUPy4N6A5d1MYxX2FxA0kzhESI1QVjuZJIC6XM7pa84pYzF3Rouv5aj7faytZOaVSc2roxkA_xDZSdAbOBRN1q1zu73YuA8w7UGJ9I87WoA0hUcin6flDBBdGMLTYwQBhBXeu7FD0d83zaKQcr70S_Spti4T8ObOxqSSYop-fkZqrKzco0lVEI1MDk3lUbqF3qR99rjO9G0oBQpaR455_cuP3JbJDjj0Te0Snd9sLA0YK6eatEYk9LqeZhG8Q-lDsSq9CMvajI-_byDYOZJgc.vwXBbKerCDcGG038AEYzXG8hYPpWR04iTIKfI5U_0Lo&dib_tag=se&keywords=smart+lock&qid=1721374871&sr=8-184,3
VIZID,9799,0.0,0,0,49,https://www.amazon.in/VIZID-Unlocking-Fingerprint-MobileApp-Bluetooh/dp/B0CL54MQGZ/ref=sr_1_185?dib=eyJ2IjoiMSJ9.cRXSTpsalr9Z9v7izKGBsAtUPy4N6A5d1MYxX2FxA0kzhESI1QVjuZJIC6XM7pa84pYzF3Rouv5aj7faytZOaVSc2roxkA_xDZSdAbOBRN1q1zu73YuA8w7UGJ9I87WoA0hUcin6flDBBdGMLTYwQBhBXeu7FD0d83zaKQcr70S_Spti4T8ObOxqSSYop-fkZqrKzco0lVEI1MDk3lUbqF3qR99rjO9G0oBQpaR455_cuP3JbJDjj0Te0Snd9sLA0YK6eatEYk9LqeZhG8Q-lDsSq9CMvajI-_byDYOZJgc.vwXBbKerCDcGG038AEYzXG8hYPpWR04iTIKfI5U_0Lo&dib_tag=se&keywords=smart+lock&qid=1721374871&sr=8-185,2
LAVNA,0,0.0,0,0,50,https://www.amazon.in/LAVNA-Digital-Fingerprint-Mobile-Aluminium/dp/B0D7HSW3LR/ref=sr_1_186?dib=eyJ2IjoiMSJ9.cRXSTpsalr9Z9v7izKGBsAtUPy4N6A5d1MYxX2FxA0kzhESI1QVjuZJIC6XM7pa84pYzF3Rouv5aj7faytZOaVSc2roxkA_xDZSdAbOBRN1q1zu73YuA8w7UGJ9I87WoA0hUcin6flDBBdGMLTYwQBhBXeu7FD0d83zaKQcr70S_Spti4T8ObOxqSSYop-fkZqrKzco0lVEI1MDk3lUbqF3qR99rjO9G0oBQpaR455_cuP3JbJDjj0Te0Snd9sLA0YK6eatEYk9LqeZhG8Q-lDsSq9CMvajI-_byDYOZJgc.vwXBbKerCDcGG038AEYzXG8hYPpWR04iTIKfI5U_0Lo&dib_tag=se&keywords=smart+lock&qid=1721374871&sr=8-186,1
Tuchware,5563,3.0,1,1,51,https://www.amazon.in/Tuchware-XS3200-Fingerprint-Manual-Access/dp/B0BQMDJCRP/ref=sr_1_187?dib=eyJ2IjoiMSJ9.cRXSTpsalr9Z9v7izKGBsAtUPy4N6A5d1MYxX2FxA0kzhESI1QVjuZJIC6XM7pa84pYzF3Rouv5aj7faytZOaVSc2roxkA_xDZSdAbOBRN1q1zu73YuA8w7UGJ9I87WoA0hUcin6flDBBdGMLTYwQBhBXeu7FD0d83zaKQcr70S_Spti4T8ObOxqSSYop-fkZqrKzco0lVEI1MDk3lUbqF3qR99rjO9G0oBQpaR455_cuP3JbJDjj0Te0Snd9sLA0YK6eatEYk9LqeZhG8Q-lDsSq9CMvajI-_byDYOZJgc.vwXBbKerCDcGG038AEYzXG8hYPpWR04iTIKfI5U_0Lo&dib_tag=se&keywords=smart+lock&qid=1721374871&sr=8-187,3
Buji,1799,3.5,106,106,52,https://www.amazon.in/buji-Fingerprint-Wardrobe-Electric-Security/dp/B07VPF68WR/ref=sr_1_188?dib=eyJ2IjoiMSJ9.cRXSTpsalr9Z9v7izKGBsAtUPy4N6A5d1MYxX2FxA0kzhESI1QVjuZJIC6XM7pa84pYzF3Rouv5aj7faytZOaVSc2roxkA_xDZSdAbOBRN1q1zu73YuA8w7UGJ9I87WoA0hUcin6flDBBdGMLTYwQBhBXeu7FD0d83zaKQcr70S_Spti4T8ObOxqSSYop-fkZqrKzco0lVEI1MDk3lUbqF3qR99rjO9G0oBQpaR455_cuP3JbJDjj0Te0Snd9sLA0YK6eatEYk9LqeZhG8Q-lDsSq9CMvajI-_byDYOZJgc.vwXBbKerCDcGG038AEYzXG8hYPpWR04iTIKfI5U_0Lo&dib_tag=se&keywords=smart+lock&qid=1721374871&sr=8-188,1
Dorset,3099,3.0,22,22,53,https://www.amazon.in/Dorset-Finger-Biometric-Furniture-Thickness/dp/B0BP1H19J8/ref=sr_1_189?dib=eyJ2IjoiMSJ9.cRXSTpsalr9Z9v7izKGBsAtUPy4N6A5d1MYxX2FxA0kzhESI1QVjuZJIC6XM7pa84pYzF3Rouv5aj7faytZOaVSc2roxkA_xDZSdAbOBRN1q1zu73YuA8w7UGJ9I87WoA0hUcin6flDBBdGMLTYwQBhBXeu7FD0d83zaKQcr70S_Spti4T8ObOxqSSYop-fkZqrKzco0lVEI1MDk3lUbqF3qR99rjO9G0oBQpaR455_cuP3JbJDjj0Te0Snd9sLA0YK6eatEYk9LqeZhG8Q-lDsSq9CMvajI-_byDYOZJgc.vwXBbKerCDcGG038AEYzXG8hYPpWR04iTIKfI5U_0Lo&dib_tag=se&keywords=smart+lock&qid=1721374871&sr=8-189,7
Tuchware,7399,0.0,0,0,54,https://www.amazon.in/Tuchware-XS1100-Smart-RFID-Door/dp/B0BQMFFWTL/ref=sr_1_190?dib=eyJ2IjoiMSJ9.cRXSTpsalr9Z9v7izKGBsAtUPy4N6A5d1MYxX2FxA0kzhESI1QVjuZJIC6XM7pa84pYzF3Rouv5aj7faytZOaVSc2roxkA_xDZSdAbOBRN1q1zu73YuA8w7UGJ9I87WoA0hUcin6flDBBdGMLTYwQBhBXeu7FD0d83zaKQcr70S_Spti4T8ObOxqSSYop-fkZqrKzco0lVEI1MDk3lUbqF3qR99rjO9G0oBQpaR455_cuP3JbJDjj0Te0Snd9sLA0YK6eatEYk9LqeZhG8Q-lDsSq9CMvajI-_byDYOZJgc.vwXBbKerCDcGG038AEYzXG8hYPpWR04iTIKfI5U_0Lo&dib_tag=se&keywords=smart+lock&qid=1721374871&sr=8-190,3
DOCOSS,989,4.4,132,132,55,https://www.amazon.in/DOCOSS-Lock-Cycle-Bike-Combination/dp/B09RMW9K55/ref=sr_1_191?dib=eyJ2IjoiMSJ9.cRXSTpsalr9Z9v7izKGBsAtUPy4N6A5d1MYxX2FxA0kzhESI1QVjuZJIC6XM7pa84pYzF3Rouv5aj7faytZOaVSc2roxkA_xDZSdAbOBRN1q1zu73YuA8w7UGJ9I87WoA0hUcin6flDBBdGMLTYwQBhBXeu7FD0d83zaKQcr70S_Spti4T8ObOxqSSYop-fkZqrKzco0lVEI1MDk3lUbqF3qR99rjO9G0oBQpaR455_cuP3JbJDjj0Te0Snd9sLA0YK6eatEYk9LqeZhG8Q-lDsSq9CMvajI-_byDYOZJgc.vwXBbKerCDcGG038AEYzXG8hYPpWR04iTIKfI5U_0Lo&dib_tag=se&keywords=smart+lock&qid=1721374871&sr=8-191,3
Znee,209,3.6,47,47,56,https://www.amazon.in/Motorbike-Password-Anti-Theft-Combination-Security/dp/B09JDV8W9V/ref=sr_1_192?dib=eyJ2IjoiMSJ9.cRXSTpsalr9Z9v7izKGBsAtUPy4N6A5d1MYxX2FxA0kzhESI1QVjuZJIC6XM7pa84pYzF3Rouv5aj7faytZOaVSc2roxkA_xDZSdAbOBRN1q1zu73YuA8w7UGJ9I87WoA0hUcin6flDBBdGMLTYwQBhBXeu7FD0d83zaKQcr70S_Spti4T8ObOxqSSYop-fkZqrKzco0lVEI1MDk3lUbqF3qR99rjO9G0oBQpaR455_cuP3JbJDjj0Te0Snd9sLA0YK6eatEYk9LqeZhG8Q-lDsSq9CMvajI-_byDYOZJgc.vwXBbKerCDcGG038AEYzXG8hYPpWR04iTIKfI5U_0Lo&dib_tag=se&keywords=smart+lock&qid=1721374871&sr=8-192,4
Znee,219,0.0,0,0,4,https://www.amazon.in/Smart-Bicycle-Motorcycle-Security-Yamaha/dp/B09GNNF7LJ/ref=sr_1_241?dib=eyJ2IjoiMSJ9.fPEThEHW000yOxrcCQXc2oHPBGpN0NeztbsCb8-PUVo6FuVPFD9L8WpUkxLnHivC6z2xTHrITC_g_hZjj6IbmvavT0xweZoBA74paK9igrgf1rwcKllMkK1eiB4GuXSm3bxXLig9lRXo1M_tAMZEjuFxPJt7uoFi-ZVUlRGgItnib7QdsQh0pvI3IZyZeFp42rHBBdfYY5HPUsbSa0FEL5VlCZWDcsOtbCRbTuG3SkhbeD50GhCgD5BYF4jgm7njyBEtTvYpz6ldbCkuQ4QgVsyy4XXAoTag7glqQRwUJQc.zkSUfgjT97iocxfaRlUWUBEzFhc2OD6NssuaBxeAIcQ&dib_tag=se&keywords=smart+lock&qid=1721374891&sr=8-241,4
INEFABLE,289,0.0,0,0,5,https://www.amazon.in/INEFABLE-Magnetic-Compatible-Frontier-Strap-Black-Pack/dp/B0D8TYP8LC/ref=sr_1_242?dib=eyJ2IjoiMSJ9.fPEThEHW000yOxrcCQXc2oHPBGpN0NeztbsCb8-PUVo6FuVPFD9L8WpUkxLnHivC6z2xTHrITC_g_hZjj6IbmvavT0xweZoBA74paK9igrgf1rwcKllMkK1eiB4GuXSm3bxXLig9lRXo1M_tAMZEjuFxPJt7uoFi-ZVUlRGgItnib7QdsQh0pvI3IZyZeFp42rHBBdfYY5HPUsbSa0FEL5VlCZWDcsOtbCRbTuG3SkhbeD50GhCgD5BYF4jgm7njyBEtTvYpz6ldbCkuQ4QgVsyy4XXAoTag7glqQRwUJQc.zkSUfgjT97iocxfaRlUWUBEzFhc2OD6NssuaBxeAIcQ&dib_tag=se&keywords=smart+lock&qid=1721374891&sr=8-242,1
Plantex,2158,0.0,0,0,6,https://www.amazon.in/Plantex-Heavy-Duty-Door-Lock-Set/dp/B0CWP1H9XH/ref=sr_1_243?dib=eyJ2IjoiMSJ9.fPEThEHW000yOxrcCQXc2oHPBGpN0NeztbsCb8-PUVo6FuVPFD9L8WpUkxLnHivC6z2xTHrITC_g_hZjj6IbmvavT0xweZoBA74paK9igrgf1rwcKllMkK1eiB4GuXSm3bxXLig9lRXo1M_tAMZEjuFxPJt7uoFi-ZVUlRGgItnib7QdsQh0pvI3IZyZeFp42rHBBdfYY5HPUsbSa0FEL5VlCZWDcsOtbCRbTuG3SkhbeD50GhCgD5BYF4jgm7njyBEtTvYpz6ldbCkuQ4QgVsyy4XXAoTag7glqQRwUJQc.zkSUfgjT97iocxfaRlUWUBEzFhc2OD6NssuaBxeAIcQ&dib_tag=se&keywords=smart+lock&qid=1721374891&sr=8-243,2
KHR,799,3.7,17,17,9,https://www.amazon.in/Heavy-Metal-Secure-Compatible-ColorFit/dp/B0D8YP7JCB/ref=sr_1_244?dib=eyJ2IjoiMSJ9.fPEThEHW000yOxrcCQXc2oHPBGpN0NeztbsCb8-PUVo6FuVPFD9L8WpUkxLnHivC6z2xTHrITC_g_hZjj6IbmvavT0xweZoBA74paK9igrgf1rwcKllMkK1eiB4GuXSm3bxXLig9lRXo1M_tAMZEjuFxPJt7uoFi-ZVUlRGgItnib7QdsQh0pvI3IZyZeFp42rHBBdfYY5HPUsbSa0FEL5VlCZWDcsOtbCRbTuG3SkhbeD50GhCgD5BYF4jgm7njyBEtTvYpz6ldbCkuQ4QgVsyy4XXAoTag7glqQRwUJQc.zkSUfgjT97iocxfaRlUWUBEzFhc2OD6NssuaBxeAIcQ&dib_tag=se&keywords=smart+lock&qid=1721374891&sr=8-244,1
Dorset,213,3.5,5,5,10,https://www.amazon.in/Dorset-Multipurpose-Lock-Superia-Stainless/dp/B0BLCG87XB/ref=sr_1_245?dib=eyJ2IjoiMSJ9.fPEThEHW000yOxrcCQXc2oHPBGpN0NeztbsCb8-PUVo6FuVPFD9L8WpUkxLnHivC6z2xTHrITC_g_hZjj6IbmvavT0xweZoBA74paK9igrgf1rwcKllMkK1eiB4GuXSm3bxXLig9lRXo1M_tAMZEjuFxPJt7uoFi-ZVUlRGgItnib7QdsQh0pvI3IZyZeFp42rHBBdfYY5HPUsbSa0FEL5VlCZWDcsOtbCRbTuG3SkhbeD50GhCgD5BYF4jgm7njyBEtTvYpz6ldbCkuQ4QgVsyy4XXAoTag7glqQRwUJQc.zkSUfgjT97iocxfaRlUWUBEzFhc2OD6NssuaBxeAIcQ&dib_tag=se&keywords=smart+lock&qid=1721374891&sr=8-245,7
KHR速,499,0.0,0,0,11,https://www.amazon.in/Heavy-Metal-Secure-Compatible-Amazfit/dp/B0CJLRTLNG/ref=sr_1_246?dib=eyJ2IjoiMSJ9.fPEThEHW000yOxrcCQXc2oHPBGpN0NeztbsCb8-PUVo6FuVPFD9L8WpUkxLnHivC6z2xTHrITC_g_hZjj6IbmvavT0xweZoBA74paK9igrgf1rwcKllMkK1eiB4GuXSm3bxXLig9lRXo1M_tAMZEjuFxPJt7uoFi-ZVUlRGgItnib7QdsQh0pvI3IZyZeFp42rHBBdfYY5HPUsbSa0FEL5VlCZWDcsOtbCRbTuG3SkhbeD50GhCgD5BYF4jgm7njyBEtTvYpz6ldbCkuQ4QgVsyy4XXAoTag7glqQRwUJQc.zkSUfgjT97iocxfaRlUWUBEzFhc2OD6NssuaBxeAIcQ&dib_tag=se&keywords=smart+lock&qid=1721374891&sr=8-246,1
Plantex,2698,0.0,0,0,13,https://www.amazon.in/Plantex-Mortise-Handle-Bedroom-Office/dp/B0CQV8ZT5F/ref=sr_1_248?dib=eyJ2IjoiMSJ9.fPEThEHW000yOxrcCQXc2oHPBGpN0NeztbsCb8-PUVo6FuVPFD9L8WpUkxLnHivC6z2xTHrITC_g_hZjj6IbmvavT0xweZoBA74paK9igrgf1rwcKllMkK1eiB4GuXSm3bxXLig9lRXo1M_tAMZEjuFxPJt7uoFi-ZVUlRGgItnib7QdsQh0pvI3IZyZeFp42rHBBdfYY5HPUsbSa0FEL5VlCZWDcsOtbCRbTuG3SkhbeD50GhCgD5BYF4jgm7njyBEtTvYpz6ldbCkuQ4QgVsyy4XXAoTag7glqQRwUJQc.zkSUfgjT97iocxfaRlUWUBEzFhc2OD6NssuaBxeAIcQ&dib_tag=se&keywords=smart+lock&qid=1721374891&sr=8-248,2
V2A,2490,3.8,108,108,14,https://www.amazon.in/V2A-PlayOn-Smart-Alarms-Sports/dp/B09V563CRZ/ref=sr_1_249?dib=eyJ2IjoiMSJ9.fPEThEHW000yOxrcCQXc2oHPBGpN0NeztbsCb8-PUVo6FuVPFD9L8WpUkxLnHivC6z2xTHrITC_g_hZjj6IbmvavT0xweZoBA74paK9igrgf1rwcKllMkK1eiB4GuXSm3bxXLig9lRXo1M_tAMZEjuFxPJt7uoFi-ZVUlRGgItnib7QdsQh0pvI3IZyZeFp42rHBBdfYY5HPUsbSa0FEL5VlCZWDcsOtbCRbTuG3SkhbeD50GhCgD5BYF4jgm7njyBEtTvYpz6ldbCkuQ4QgVsyy4XXAoTag7glqQRwUJQc.zkSUfgjT97iocxfaRlUWUBEzFhc2OD6NssuaBxeAIcQ&dib_tag=se&keywords=smart+lock&qid=1721374891&sr=8-249,1
Stylish,199,0.0,0,0,18,https://www.amazon.in/Stylish-Luxury-Magnetic-Wallet-Infinix/dp/B0B8H943JM/ref=sr_1_250?dib=eyJ2IjoiMSJ9.fPEThEHW000yOxrcCQXc2oHPBGpN0NeztbsCb8-PUVo6FuVPFD9L8WpUkxLnHivC6z2xTHrITC_g_hZjj6IbmvavT0xweZoBA74paK9igrgf1rwcKllMkK1eiB4GuXSm3bxXLig9lRXo1M_tAMZEjuFxPJt7uoFi-ZVUlRGgItnib7QdsQh0pvI3IZyZeFp42rHBBdfYY5HPUsbSa0FEL5VlCZWDcsOtbCRbTuG3SkhbeD50GhCgD5BYF4jgm7njyBEtTvYpz6ldbCkuQ4QgVsyy4XXAoTag7glqQRwUJQc.zkSUfgjT97iocxfaRlUWUBEzFhc2OD6NssuaBxeAIcQ&dib_tag=se&keywords=smart+lock&qid=1721374891&sr=8-250,1
Znee,209,0.0,0,0,19,https://www.amazon.in/Motorbike-Password-Anti-Theft-Combination-Security/dp/B09JFMPRHH/ref=sr_1_251?dib=eyJ2IjoiMSJ9.fPEThEHW000yOxrcCQXc2oHPBGpN0NeztbsCb8-PUVo6FuVPFD9L8WpUkxLnHivC6z2xTHrITC_g_hZjj6IbmvavT0xweZoBA74paK9igrgf1rwcKllMkK1eiB4GuXSm3bxXLig9lRXo1M_tAMZEjuFxPJt7uoFi-ZVUlRGgItnib7QdsQh0pvI3IZyZeFp42rHBBdfYY5HPUsbSa0FEL5VlCZWDcsOtbCRbTuG3SkhbeD50GhCgD5BYF4jgm7njyBEtTvYpz6ldbCkuQ4QgVsyy4XXAoTag7glqQRwUJQc.zkSUfgjT97iocxfaRlUWUBEzFhc2OD6NssuaBxeAIcQ&dib_tag=se&keywords=smart+lock&qid=1721374891&sr=8-251,4
Gluman,500,3.7,127,127,20,https://www.amazon.in/Gluman-Push-Button-Smart-Storage/dp/B0CKHYJBC1/ref=sr_1_252?dib=eyJ2IjoiMSJ9.fPEThEHW000yOxrcCQXc2oHPBGpN0NeztbsCb8-PUVo6FuVPFD9L8WpUkxLnHivC6z2xTHrITC_g_hZjj6IbmvavT0xweZoBA74paK9igrgf1rwcKllMkK1eiB4GuXSm3bxXLig9lRXo1M_tAMZEjuFxPJt7uoFi-ZVUlRGgItnib7QdsQh0pvI3IZyZeFp42rHBBdfYY5HPUsbSa0FEL5VlCZWDcsOtbCRbTuG3SkhbeD50GhCgD5BYF4jgm7njyBEtTvYpz6ldbCkuQ4QgVsyy4XXAoTag7glqQRwUJQc.zkSUfgjT97iocxfaRlUWUBEzFhc2OD6NssuaBxeAIcQ&dib_tag=se&keywords=smart+lock&qid=1721374891&sr=8-252,1
QUBO,20980,5.0,1,1,21,https://www.amazon.in/Anywhere-Unlocking-Fingerprint-Bluetooth-Mechanical/dp/B0CH1BP51Q/ref=sr_1_253?dib=eyJ2IjoiMSJ9.fPEThEHW000yOxrcCQXc2oHPBGpN0NeztbsCb8-PUVo6FuVPFD9L8WpUkxLnHivC6z2xTHrITC_g_hZjj6IbmvavT0xweZoBA74paK9igrgf1rwcKllMkK1eiB4GuXSm3bxXLig9lRXo1M_tAMZEjuFxPJt7uoFi-ZVUlRGgItnib7QdsQh0pvI3IZyZeFp42rHBBdfYY5HPUsbSa0FEL5VlCZWDcsOtbCRbTuG3SkhbeD50GhCgD5BYF4jgm7njyBEtTvYpz6ldbCkuQ4QgVsyy4XXAoTag7glqQRwUJQc.zkSUfgjT97iocxfaRlUWUBEzFhc2OD6NssuaBxeAIcQ&dib_tag=se&keywords=smart+lock&qid=1721374891&sr=8-253,2
Yale,31999,4.5,5,5,22,https://www.amazon.in/Yale-YDR-41-Biometric-Installation/dp/B07V4L2BJ7/ref=sr_1_254?dib=eyJ2IjoiMSJ9.fPEThEHW000yOxrcCQXc2oHPBGpN0NeztbsCb8-PUVo6FuVPFD9L8WpUkxLnHivC6z2xTHrITC_g_hZjj6IbmvavT0xweZoBA74paK9igrgf1rwcKllMkK1eiB4GuXSm3bxXLig9lRXo1M_tAMZEjuFxPJt7uoFi-ZVUlRGgItnib7QdsQh0pvI3IZyZeFp42rHBBdfYY5HPUsbSa0FEL5VlCZWDcsOtbCRbTuG3SkhbeD50GhCgD5BYF4jgm7njyBEtTvYpz6ldbCkuQ4QgVsyy4XXAoTag7glqQRwUJQc.zkSUfgjT97iocxfaRlUWUBEzFhc2OD6NssuaBxeAIcQ&dib_tag=se&keywords=smart+lock&qid=1721374891&sr=8-254,1
Dorset,9199,0.0,0,0,23,https://www.amazon.in/Dorset-Drawer-Fingerprint-Biometric-Cabinet/dp/B0BFWPV6VD/ref=sr_1_255?dib=eyJ2IjoiMSJ9.fPEThEHW000yOxrcCQXc2oHPBGpN0NeztbsCb8-PUVo6FuVPFD9L8WpUkxLnHivC6z2xTHrITC_g_hZjj6IbmvavT0xweZoBA74paK9igrgf1rwcKllMkK1eiB4GuXSm3bxXLig9lRXo1M_tAMZEjuFxPJt7uoFi-ZVUlRGgItnib7QdsQh0pvI3IZyZeFp42rHBBdfYY5HPUsbSa0FEL5VlCZWDcsOtbCRbTuG3SkhbeD50GhCgD5BYF4jgm7njyBEtTvYpz6ldbCkuQ4QgVsyy4XXAoTag7glqQRwUJQc.zkSUfgjT97iocxfaRlUWUBEzFhc2OD6NssuaBxeAIcQ&dib_tag=se&keywords=smart+lock&qid=1721374891&sr=8-255,7
Inllex,8900,5.0,1,1,25,https://www.amazon.in/Inllex-Fingerprint-Lock-Electronic-Touchscreen/dp/B0CJCK1Y9D/ref=sr_1_257?dib=eyJ2IjoiMSJ9.fPEThEHW000yOxrcCQXc2oHPBGpN0NeztbsCb8-PUVo6FuVPFD9L8WpUkxLnHivC6z2xTHrITC_g_hZjj6IbmvavT0xweZoBA74paK9igrgf1rwcKllMkK1eiB4GuXSm3bxXLig9lRXo1M_tAMZEjuFxPJt7uoFi-ZVUlRGgItnib7QdsQh0pvI3IZyZeFp42rHBBdfYY5HPUsbSa0FEL5VlCZWDcsOtbCRbTuG3SkhbeD50GhCgD5BYF4jgm7njyBEtTvYpz6ldbCkuQ4QgVsyy4XXAoTag7glqQRwUJQc.zkSUfgjT97iocxfaRlUWUBEzFhc2OD6NssuaBxeAIcQ&dib_tag=se&keywords=smart+lock&qid=1721374891&sr=8-257,1
20mm,449,3.9,139,139,26,https://www.amazon.in/20mm-Strap-Stainless-Steel-Compatible/dp/B09V2XMJ51/ref=sr_1_258?dib=eyJ2IjoiMSJ9.fPEThEHW000yOxrcCQXc2oHPBGpN0NeztbsCb8-PUVo6FuVPFD9L8WpUkxLnHivC6z2xTHrITC_g_hZjj6IbmvavT0xweZoBA74paK9igrgf1rwcKllMkK1eiB4GuXSm3bxXLig9lRXo1M_tAMZEjuFxPJt7uoFi-ZVUlRGgItnib7QdsQh0pvI3IZyZeFp42rHBBdfYY5HPUsbSa0FEL5VlCZWDcsOtbCRbTuG3SkhbeD50GhCgD5BYF4jgm7njyBEtTvYpz6ldbCkuQ4QgVsyy4XXAoTag7glqQRwUJQc.zkSUfgjT97iocxfaRlUWUBEzFhc2OD6NssuaBxeAIcQ&dib_tag=se&keywords=smart+lock&qid=1721374891&sr=8-258,1
Dorset,6131,5.0,1,1,28,https://www.amazon.in/Dorset-Drawer-Fingerprint-Biometric-Cabinet/dp/B0BFWRBS4D/ref=sr_1_260?dib=eyJ2IjoiMSJ9.fPEThEHW000yOxrcCQXc2oHPBGpN0NeztbsCb8-PUVo6FuVPFD9L8WpUkxLnHivC6z2xTHrITC_g_hZjj6IbmvavT0xweZoBA74paK9igrgf1rwcKllMkK1eiB4GuXSm3bxXLig9lRXo1M_tAMZEjuFxPJt7uoFi-ZVUlRGgItnib7QdsQh0pvI3IZyZeFp42rHBBdfYY5HPUsbSa0FEL5VlCZWDcsOtbCRbTuG3SkhbeD50GhCgD5BYF4jgm7njyBEtTvYpz6ldbCkuQ4QgVsyy4XXAoTag7glqQRwUJQc.zkSUfgjT97iocxfaRlUWUBEzFhc2OD6NssuaBxeAIcQ&dib_tag=se&keywords=smart+lock&qid=1721374891&sr=8-260,7
Fipilock,2899,3.6,2,2,29,https://www.amazon.in/CONCEPT-Fipilock-Waterproof-Bluetooth-Fingerprint/dp/B08LVPX7T1/ref=sr_1_261?dib=eyJ2IjoiMSJ9.fPEThEHW000yOxrcCQXc2oHPBGpN0NeztbsCb8-PUVo6FuVPFD9L8WpUkxLnHivC6z2xTHrITC_g_hZjj6IbmvavT0xweZoBA74paK9igrgf1rwcKllMkK1eiB4GuXSm3bxXLig9lRXo1M_tAMZEjuFxPJt7uoFi-ZVUlRGgItnib7QdsQh0pvI3IZyZeFp42rHBBdfYY5HPUsbSa0FEL5VlCZWDcsOtbCRbTuG3SkhbeD50GhCgD5BYF4jgm7njyBEtTvYpz6ldbCkuQ4QgVsyy4XXAoTag7glqQRwUJQc.zkSUfgjT97iocxfaRlUWUBEzFhc2OD6NssuaBxeAIcQ&dib_tag=se&keywords=smart+lock&qid=1721374891&sr=8-261,1
Escozor速,1599,3.9,22,22,30,https://www.amazon.in/Escozor%C2%AE-Password-Digital-Furniture-Warranty/dp/B093FKDJSP/ref=sr_1_262?dib=eyJ2IjoiMSJ9.fPEThEHW000yOxrcCQXc2oHPBGpN0NeztbsCb8-PUVo6FuVPFD9L8WpUkxLnHivC6z2xTHrITC_g_hZjj6IbmvavT0xweZoBA74paK9igrgf1rwcKllMkK1eiB4GuXSm3bxXLig9lRXo1M_tAMZEjuFxPJt7uoFi-ZVUlRGgItnib7QdsQh0pvI3IZyZeFp42rHBBdfYY5HPUsbSa0FEL5VlCZWDcsOtbCRbTuG3SkhbeD50GhCgD5BYF4jgm7njyBEtTvYpz6ldbCkuQ4QgVsyy4XXAoTag7glqQRwUJQc.zkSUfgjT97iocxfaRlUWUBEzFhc2OD6NssuaBxeAIcQ&dib_tag=se&keywords=smart+lock&qid=1721374891&sr=8-262,3
Godrej,1230,4.2,3771,3771,31,https://www.amazon.in/Godrej-Speed-Hydraulic-Closer-Silver/dp/B00MUWRJOQ/ref=sr_1_263?dib=eyJ2IjoiMSJ9.fPEThEHW000yOxrcCQXc2oHPBGpN0NeztbsCb8-PUVo6FuVPFD9L8WpUkxLnHivC6z2xTHrITC_g_hZjj6IbmvavT0xweZoBA74paK9igrgf1rwcKllMkK1eiB4GuXSm3bxXLig9lRXo1M_tAMZEjuFxPJt7uoFi-ZVUlRGgItnib7QdsQh0pvI3IZyZeFp42rHBBdfYY5HPUsbSa0FEL5VlCZWDcsOtbCRbTuG3SkhbeD50GhCgD5BYF4jgm7njyBEtTvYpz6ldbCkuQ4QgVsyy4XXAoTag7glqQRwUJQc.zkSUfgjT97iocxfaRlUWUBEzFhc2OD6NssuaBxeAIcQ&dib_tag=se&keywords=smart+lock&qid=1721374891&sr=8-263,2
VishAl,330,4.0,12,12,32,https://www.amazon.in/VishAl-smart-MAll-lid-buttermilk/dp/B0B96Z9SQJ/ref=sr_1_264?dib=eyJ2IjoiMSJ9.fPEThEHW000yOxrcCQXc2oHPBGpN0NeztbsCb8-PUVo6FuVPFD9L8WpUkxLnHivC6z2xTHrITC_g_hZjj6IbmvavT0xweZoBA74paK9igrgf1rwcKllMkK1eiB4GuXSm3bxXLig9lRXo1M_tAMZEjuFxPJt7uoFi-ZVUlRGgItnib7QdsQh0pvI3IZyZeFp42rHBBdfYY5HPUsbSa0FEL5VlCZWDcsOtbCRbTuG3SkhbeD50GhCgD5BYF4jgm7njyBEtTvYpz6ldbCkuQ4QgVsyy4XXAoTag7glqQRwUJQc.zkSUfgjT97iocxfaRlUWUBEzFhc2OD6NssuaBxeAIcQ&dib_tag=se&keywords=smart+lock&qid=1721374891&sr=8-264,1
VIZID,3250,2.9,7,7,33,https://www.amazon.in/Biometric-Digital-Fingerprint-Furniture-cabinets/dp/B0BGCXB9G2/ref=sr_1_265?dib=eyJ2IjoiMSJ9.fPEThEHW000yOxrcCQXc2oHPBGpN0NeztbsCb8-PUVo6FuVPFD9L8WpUkxLnHivC6z2xTHrITC_g_hZjj6IbmvavT0xweZoBA74paK9igrgf1rwcKllMkK1eiB4GuXSm3bxXLig9lRXo1M_tAMZEjuFxPJt7uoFi-ZVUlRGgItnib7QdsQh0pvI3IZyZeFp42rHBBdfYY5HPUsbSa0FEL5VlCZWDcsOtbCRbTuG3SkhbeD50GhCgD5BYF4jgm7njyBEtTvYpz6ldbCkuQ4QgVsyy4XXAoTag7glqQRwUJQc.zkSUfgjT97iocxfaRlUWUBEzFhc2OD6NssuaBxeAIcQ&dib_tag=se&keywords=smart+lock&qid=1721374891&sr=8-265,2
HomeMate,7999,3.0,22,22,34,https://www.amazon.in/HomeMate%C2%AE-Touchscreen-Fingerprint-Electronic-Mechanical/dp/B07QG4W9D9/ref=sr_1_266?dib=eyJ2IjoiMSJ9.fPEThEHW000yOxrcCQXc2oHPBGpN0NeztbsCb8-PUVo6FuVPFD9L8WpUkxLnHivC6z2xTHrITC_g_hZjj6IbmvavT0xweZoBA74paK9igrgf1rwcKllMkK1eiB4GuXSm3bxXLig9lRXo1M_tAMZEjuFxPJt7uoFi-ZVUlRGgItnib7QdsQh0pvI3IZyZeFp42rHBBdfYY5HPUsbSa0FEL5VlCZWDcsOtbCRbTuG3SkhbeD50GhCgD5BYF4jgm7njyBEtTvYpz6ldbCkuQ4QgVsyy4XXAoTag7glqQRwUJQc.zkSUfgjT97iocxfaRlUWUBEzFhc2OD6NssuaBxeAIcQ&dib_tag=se&keywords=smart+lock&qid=1721374891&sr=8-266,2
Znee,209,0.0,0,0,35,https://www.amazon.in/Motorbike-Password-Anti-Theft-Combination-Security/dp/B09JF987TN/ref=sr_1_267?dib=eyJ2IjoiMSJ9.fPEThEHW000yOxrcCQXc2oHPBGpN0NeztbsCb8-PUVo6FuVPFD9L8WpUkxLnHivC6z2xTHrITC_g_hZjj6IbmvavT0xweZoBA74paK9igrgf1rwcKllMkK1eiB4GuXSm3bxXLig9lRXo1M_tAMZEjuFxPJt7uoFi-ZVUlRGgItnib7QdsQh0pvI3IZyZeFp42rHBBdfYY5HPUsbSa0FEL5VlCZWDcsOtbCRbTuG3SkhbeD50GhCgD5BYF4jgm7njyBEtTvYpz6ldbCkuQ4QgVsyy4XXAoTag7glqQRwUJQc.zkSUfgjT97iocxfaRlUWUBEzFhc2OD6NssuaBxeAIcQ&dib_tag=se&keywords=smart+lock&qid=1721374891&sr=8-267,4
Navkar,3499,0.0,0,0,36,https://www.amazon.in/Systems-Electronic-Controller-Suitable-Aluminium/dp/B0D5YJGTG2/ref=sr_1_268?dib=eyJ2IjoiMSJ9.fPEThEHW000yOxrcCQXc2oHPBGpN0NeztbsCb8-PUVo6FuVPFD9L8WpUkxLnHivC6z2xTHrITC_g_hZjj6IbmvavT0xweZoBA74paK9igrgf1rwcKllMkK1eiB4GuXSm3bxXLig9lRXo1M_tAMZEjuFxPJt7uoFi-ZVUlRGgItnib7QdsQh0pvI3IZyZeFp42rHBBdfYY5HPUsbSa0FEL5VlCZWDcsOtbCRbTuG3SkhbeD50GhCgD5BYF4jgm7njyBEtTvYpz6ldbCkuQ4QgVsyy4XXAoTag7glqQRwUJQc.zkSUfgjT97iocxfaRlUWUBEzFhc2OD6NssuaBxeAIcQ&dib_tag=se&keywords=smart+lock&qid=1721374891&sr=8-268,1
Vega,197,4.1,4809,4809,37,https://www.amazon.in/Vega-Safety-Cable-Lock-Orange/dp/B07YP7YLYY/ref=sr_1_269?dib=eyJ2IjoiMSJ9.fPEThEHW000yOxrcCQXc2oHPBGpN0NeztbsCb8-PUVo6FuVPFD9L8WpUkxLnHivC6z2xTHrITC_g_hZjj6IbmvavT0xweZoBA74paK9igrgf1rwcKllMkK1eiB4GuXSm3bxXLig9lRXo1M_tAMZEjuFxPJt7uoFi-ZVUlRGgItnib7QdsQh0pvI3IZyZeFp42rHBBdfYY5HPUsbSa0FEL5VlCZWDcsOtbCRbTuG3SkhbeD50GhCgD5BYF4jgm7njyBEtTvYpz6ldbCkuQ4QgVsyy4XXAoTag7glqQRwUJQc.zkSUfgjT97iocxfaRlUWUBEzFhc2OD6NssuaBxeAIcQ&dib_tag=se&keywords=smart+lock&qid=1721374891&sr=8-269,1
Jal,2499,0.0,0,0,38,https://www.amazon.in/Furniture-Suitable-Drawers-Cabinate-Settings/dp/B0D49W5TBH/ref=sr_1_270?dib=eyJ2IjoiMSJ9.fPEThEHW000yOxrcCQXc2oHPBGpN0NeztbsCb8-PUVo6FuVPFD9L8WpUkxLnHivC6z2xTHrITC_g_hZjj6IbmvavT0xweZoBA74paK9igrgf1rwcKllMkK1eiB4GuXSm3bxXLig9lRXo1M_tAMZEjuFxPJt7uoFi-ZVUlRGgItnib7QdsQh0pvI3IZyZeFp42rHBBdfYY5HPUsbSa0FEL5VlCZWDcsOtbCRbTuG3SkhbeD50GhCgD5BYF4jgm7njyBEtTvYpz6ldbCkuQ4QgVsyy4XXAoTag7glqQRwUJQc.zkSUfgjT97iocxfaRlUWUBEzFhc2OD6NssuaBxeAIcQ&dib_tag=se&keywords=smart+lock&qid=1721374891&sr=8-270,2
HomeMate,13999,0.0,0,0,39,https://www.amazon.in/HomeMate-Smart-Door-Lock-Fingerprint/dp/B0CV55JL73/ref=sr_1_271?dib=eyJ2IjoiMSJ9.fPEThEHW000yOxrcCQXc2oHPBGpN0NeztbsCb8-PUVo6FuVPFD9L8WpUkxLnHivC6z2xTHrITC_g_hZjj6IbmvavT0xweZoBA74paK9igrgf1rwcKllMkK1eiB4GuXSm3bxXLig9lRXo1M_tAMZEjuFxPJt7uoFi-ZVUlRGgItnib7QdsQh0pvI3IZyZeFp42rHBBdfYY5HPUsbSa0FEL5VlCZWDcsOtbCRbTuG3SkhbeD50GhCgD5BYF4jgm7njyBEtTvYpz6ldbCkuQ4QgVsyy4XXAoTag7glqQRwUJQc.zkSUfgjT97iocxfaRlUWUBEzFhc2OD6NssuaBxeAIcQ&dib_tag=se&keywords=smart+lock&qid=1721374891&sr=8-271,2
Qubo,6490,4.3,729,729,40,https://www.amazon.in/Qubo-Wireless-Doorbell-Instant-Intruder/dp/B0B4NZS13X/ref=sr_1_272?dib=eyJ2IjoiMSJ9.fPEThEHW000yOxrcCQXc2oHPBGpN0NeztbsCb8-PUVo6FuVPFD9L8WpUkxLnHivC6z2xTHrITC_g_hZjj6IbmvavT0xweZoBA74paK9igrgf1rwcKllMkK1eiB4GuXSm3bxXLig9lRXo1M_tAMZEjuFxPJt7uoFi-ZVUlRGgItnib7QdsQh0pvI3IZyZeFp42rHBBdfYY5HPUsbSa0FEL5VlCZWDcsOtbCRbTuG3SkhbeD50GhCgD5BYF4jgm7njyBEtTvYpz6ldbCkuQ4QgVsyy4XXAoTag7glqQRwUJQc.zkSUfgjT97iocxfaRlUWUBEzFhc2OD6NssuaBxeAIcQ&dib_tag=se&keywords=smart+lock&qid=1721374891&sr=8-272,2
ABEZ-be,11799,0.0,0,0,41,https://www.amazon.in/ABEZ-be-smart-Digital-Door-Lock/dp/B09VBK36YC/ref=sr_1_273?dib=eyJ2IjoiMSJ9.fPEThEHW000yOxrcCQXc2oHPBGpN0NeztbsCb8-PUVo6FuVPFD9L8WpUkxLnHivC6z2xTHrITC_g_hZjj6IbmvavT0xweZoBA74paK9igrgf1rwcKllMkK1eiB4GuXSm3bxXLig9lRXo1M_tAMZEjuFxPJt7uoFi-ZVUlRGgItnib7QdsQh0pvI3IZyZeFp42rHBBdfYY5HPUsbSa0FEL5VlCZWDcsOtbCRbTuG3SkhbeD50GhCgD5BYF4jgm7njyBEtTvYpz6ldbCkuQ4QgVsyy4XXAoTag7glqQRwUJQc.zkSUfgjT97iocxfaRlUWUBEzFhc2OD6NssuaBxeAIcQ&dib_tag=se&keywords=smart+lock&qid=1721374891&sr=8-273,1
Fingerprint,4936,3.7,1319,1319,42,https://www.amazon.in/Fingerprint-Padlock-Waterproof-Suitcase-Backpack/dp/B07KS57V1X/ref=sr_1_274?dib=eyJ2IjoiMSJ9.fPEThEHW000yOxrcCQXc2oHPBGpN0NeztbsCb8-PUVo6FuVPFD9L8WpUkxLnHivC6z2xTHrITC_g_hZjj6IbmvavT0xweZoBA74paK9igrgf1rwcKllMkK1eiB4GuXSm3bxXLig9lRXo1M_tAMZEjuFxPJt7uoFi-ZVUlRGgItnib7QdsQh0pvI3IZyZeFp42rHBBdfYY5HPUsbSa0FEL5VlCZWDcsOtbCRbTuG3SkhbeD50GhCgD5BYF4jgm7njyBEtTvYpz6ldbCkuQ4QgVsyy4XXAoTag7glqQRwUJQc.zkSUfgjT97iocxfaRlUWUBEzFhc2OD6NssuaBxeAIcQ&dib_tag=se&keywords=smart+lock&qid=1721374891&sr=8-274,2
Dorset,19381,5.0,1,1,43,https://www.amazon.in/Dorset-DG603-GM-Fingerprint-Mechanical/dp/B0B5N9SJFZ/ref=sr_1_275?dib=eyJ2IjoiMSJ9.fPEThEHW000yOxrcCQXc2oHPBGpN0NeztbsCb8-PUVo6FuVPFD9L8WpUkxLnHivC6z2xTHrITC_g_hZjj6IbmvavT0xweZoBA74paK9igrgf1rwcKllMkK1eiB4GuXSm3bxXLig9lRXo1M_tAMZEjuFxPJt7uoFi-ZVUlRGgItnib7QdsQh0pvI3IZyZeFp42rHBBdfYY5HPUsbSa0FEL5VlCZWDcsOtbCRbTuG3SkhbeD50GhCgD5BYF4jgm7njyBEtTvYpz6ldbCkuQ4QgVsyy4XXAoTag7glqQRwUJQc.zkSUfgjT97iocxfaRlUWUBEzFhc2OD6NssuaBxeAIcQ&dib_tag=se&keywords=smart+lock&qid=1721374891&sr=8-275,7
E,2899,3.6,7,7,44,https://www.amazon.in/Fingerprint-Lock-Motorcycle-Portable-Protected/dp/B0BM49B7YN/ref=sr_1_276?dib=eyJ2IjoiMSJ9.fPEThEHW000yOxrcCQXc2oHPBGpN0NeztbsCb8-PUVo6FuVPFD9L8WpUkxLnHivC6z2xTHrITC_g_hZjj6IbmvavT0xweZoBA74paK9igrgf1rwcKllMkK1eiB4GuXSm3bxXLig9lRXo1M_tAMZEjuFxPJt7uoFi-ZVUlRGgItnib7QdsQh0pvI3IZyZeFp42rHBBdfYY5HPUsbSa0FEL5VlCZWDcsOtbCRbTuG3SkhbeD50GhCgD5BYF4jgm7njyBEtTvYpz6ldbCkuQ4QgVsyy4XXAoTag7glqQRwUJQc.zkSUfgjT97iocxfaRlUWUBEzFhc2OD6NssuaBxeAIcQ&dib_tag=se&keywords=smart+lock&qid=1721374891&sr=8-276,1
Denler,18999,4.5,2,2,45,https://www.amazon.in/Denler-DS04-Digital-Fingerprint-Warranty/dp/B0BCL2CL7F/ref=sr_1_277?dib=eyJ2IjoiMSJ9.fPEThEHW000yOxrcCQXc2oHPBGpN0NeztbsCb8-PUVo6FuVPFD9L8WpUkxLnHivC6z2xTHrITC_g_hZjj6IbmvavT0xweZoBA74paK9igrgf1rwcKllMkK1eiB4GuXSm3bxXLig9lRXo1M_tAMZEjuFxPJt7uoFi-ZVUlRGgItnib7QdsQh0pvI3IZyZeFp42rHBBdfYY5HPUsbSa0FEL5VlCZWDcsOtbCRbTuG3SkhbeD50GhCgD5BYF4jgm7njyBEtTvYpz6ldbCkuQ4QgVsyy4XXAoTag7glqQRwUJQc.zkSUfgjT97iocxfaRlUWUBEzFhc2OD6NssuaBxeAIcQ&dib_tag=se&keywords=smart+lock&qid=1721374891&sr=8-277,2
IPSA,13499,0.0,0,0,46,https://www.amazon.in/IPSA-Bluetooth-Fingerprint-Password-Mechanical/dp/B0BNBZY7VQ/ref=sr_1_278?dib=eyJ2IjoiMSJ9.fPEThEHW000yOxrcCQXc2oHPBGpN0NeztbsCb8-PUVo6FuVPFD9L8WpUkxLnHivC6z2xTHrITC_g_hZjj6IbmvavT0xweZoBA74paK9igrgf1rwcKllMkK1eiB4GuXSm3bxXLig9lRXo1M_tAMZEjuFxPJt7uoFi-ZVUlRGgItnib7QdsQh0pvI3IZyZeFp42rHBBdfYY5HPUsbSa0FEL5VlCZWDcsOtbCRbTuG3SkhbeD50GhCgD5BYF4jgm7njyBEtTvYpz6ldbCkuQ4QgVsyy4XXAoTag7glqQRwUJQc.zkSUfgjT97iocxfaRlUWUBEzFhc2OD6NssuaBxeAIcQ&dib_tag=se&keywords=smart+lock&qid=1721374891&sr=8-278,1
TRUE,649,3.9,2307,2307,47,https://www.amazon.in/TRUE-HUMAN-Anti-Theft-charging-combination/dp/B09H7PK5ML/ref=sr_1_279?dib=eyJ2IjoiMSJ9.fPEThEHW000yOxrcCQXc2oHPBGpN0NeztbsCb8-PUVo6FuVPFD9L8WpUkxLnHivC6z2xTHrITC_g_hZjj6IbmvavT0xweZoBA74paK9igrgf1rwcKllMkK1eiB4GuXSm3bxXLig9lRXo1M_tAMZEjuFxPJt7uoFi-ZVUlRGgItnib7QdsQh0pvI3IZyZeFp42rHBBdfYY5HPUsbSa0FEL5VlCZWDcsOtbCRbTuG3SkhbeD50GhCgD5BYF4jgm7njyBEtTvYpz6ldbCkuQ4QgVsyy4XXAoTag7glqQRwUJQc.zkSUfgjT97iocxfaRlUWUBEzFhc2OD6NssuaBxeAIcQ&dib_tag=se&keywords=smart+lock&qid=1721374891&sr=8-279,1
Denler,29999,0.0,0,0,48,https://www.amazon.in/Denler-Digital-Recognition-Fingerprint-Warranty/dp/B0CK5RH3GX/ref=sr_1_280?dib=eyJ2IjoiMSJ9.fPEThEHW000yOxrcCQXc2oHPBGpN0NeztbsCb8-PUVo6FuVPFD9L8WpUkxLnHivC6z2xTHrITC_g_hZjj6IbmvavT0xweZoBA74paK9igrgf1rwcKllMkK1eiB4GuXSm3bxXLig9lRXo1M_tAMZEjuFxPJt7uoFi-ZVUlRGgItnib7QdsQh0pvI3IZyZeFp42rHBBdfYY5HPUsbSa0FEL5VlCZWDcsOtbCRbTuG3SkhbeD50GhCgD5BYF4jgm7njyBEtTvYpz6ldbCkuQ4QgVsyy4XXAoTag7glqQRwUJQc.zkSUfgjT97iocxfaRlUWUBEzFhc2OD6NssuaBxeAIcQ&dib_tag=se&keywords=smart+lock&qid=1721374891&sr=8-280,2
DOCOSS,525,4.0,822,822,49,https://www.amazon.in/DOCOSS-Number-Lock-Bag-Luggage/dp/B0933JG4Y8/ref=sr_1_281?dib=eyJ2IjoiMSJ9.fPEThEHW000yOxrcCQXc2oHPBGpN0NeztbsCb8-PUVo6FuVPFD9L8WpUkxLnHivC6z2xTHrITC_g_hZjj6IbmvavT0xweZoBA74paK9igrgf1rwcKllMkK1eiB4GuXSm3bxXLig9lRXo1M_tAMZEjuFxPJt7uoFi-ZVUlRGgItnib7QdsQh0pvI3IZyZeFp42rHBBdfYY5HPUsbSa0FEL5VlCZWDcsOtbCRbTuG3SkhbeD50GhCgD5BYF4jgm7njyBEtTvYpz6ldbCkuQ4QgVsyy4XXAoTag7glqQRwUJQc.zkSUfgjT97iocxfaRlUWUBEzFhc2OD6NssuaBxeAIcQ&dib_tag=se&keywords=smart+lock&qid=1721374891&sr=8-281,3
Harrison,370,4.7,3,3,51,https://www.amazon.in/Harrison-H-0615-Brass-Cylinder-Silver/dp/B07HX8WGVK/ref=sr_1_283?dib=eyJ2IjoiMSJ9.fPEThEHW000yOxrcCQXc2oHPBGpN0NeztbsCb8-PUVo6FuVPFD9L8WpUkxLnHivC6z2xTHrITC_g_hZjj6IbmvavT0xweZoBA74paK9igrgf1rwcKllMkK1eiB4GuXSm3bxXLig9lRXo1M_tAMZEjuFxPJt7uoFi-ZVUlRGgItnib7QdsQh0pvI3IZyZeFp42rHBBdfYY5HPUsbSa0FEL5VlCZWDcsOtbCRbTuG3SkhbeD50GhCgD5BYF4jgm7njyBEtTvYpz6ldbCkuQ4QgVsyy4XXAoTag7glqQRwUJQc.zkSUfgjT97iocxfaRlUWUBEzFhc2OD6NssuaBxeAIcQ&dib_tag=se&keywords=smart+lock&qid=1721374891&sr=8-283,1
Aqara,1060,4.5,48,48,53,https://www.amazon.in/Aqara-Fingerprint-Bluetooth-Electronic-Deadbolt/dp/B0C88ZVLM3/ref=sr_1_285?dib=eyJ2IjoiMSJ9.fPEThEHW000yOxrcCQXc2oHPBGpN0NeztbsCb8-PUVo6FuVPFD9L8WpUkxLnHivC6z2xTHrITC_g_hZjj6IbmvavT0xweZoBA74paK9igrgf1rwcKllMkK1eiB4GuXSm3bxXLig9lRXo1M_tAMZEjuFxPJt7uoFi-ZVUlRGgItnib7QdsQh0pvI3IZyZeFp42rHBBdfYY5HPUsbSa0FEL5VlCZWDcsOtbCRbTuG3SkhbeD50GhCgD5BYF4jgm7njyBEtTvYpz6ldbCkuQ4QgVsyy4XXAoTag7glqQRwUJQc.zkSUfgjT97iocxfaRlUWUBEzFhc2OD6NssuaBxeAIcQ&dib_tag=se&keywords=smart+lock&qid=1721374891&sr=8-285,1
Strauss,479,2.7,145,145,54,https://www.amazon.in/Alarm-Anti-Theft-Waterproof-Prevention-Accessories/dp/B09BYY2X7Y/ref=sr_1_286?dib=eyJ2IjoiMSJ9.fPEThEHW000yOxrcCQXc2oHPBGpN0NeztbsCb8-PUVo6FuVPFD9L8WpUkxLnHivC6z2xTHrITC_g_hZjj6IbmvavT0xweZoBA74paK9igrgf1rwcKllMkK1eiB4GuXSm3bxXLig9lRXo1M_tAMZEjuFxPJt7uoFi-ZVUlRGgItnib7QdsQh0pvI3IZyZeFp42rHBBdfYY5HPUsbSa0FEL5VlCZWDcsOtbCRbTuG3SkhbeD50GhCgD5BYF4jgm7njyBEtTvYpz6ldbCkuQ4QgVsyy4XXAoTag7glqQRwUJQc.zkSUfgjT97iocxfaRlUWUBEzFhc2OD6NssuaBxeAIcQ&dib_tag=se&keywords=smart+lock&qid=1721374891&sr=8-286,1
EXCLUZO,2812,0.0,0,0,55,https://www.amazon.in/EXCLUZO-Control-Durable-Password-Security/dp/B0CB67LM2G/ref=sr_1_287?dib=eyJ2IjoiMSJ9.fPEThEHW000yOxrcCQXc2oHPBGpN0NeztbsCb8-PUVo6FuVPFD9L8WpUkxLnHivC6z2xTHrITC_g_hZjj6IbmvavT0xweZoBA74paK9igrgf1rwcKllMkK1eiB4GuXSm3bxXLig9lRXo1M_tAMZEjuFxPJt7uoFi-ZVUlRGgItnib7QdsQh0pvI3IZyZeFp42rHBBdfYY5HPUsbSa0FEL5VlCZWDcsOtbCRbTuG3SkhbeD50GhCgD5BYF4jgm7njyBEtTvYpz6ldbCkuQ4QgVsyy4XXAoTag7glqQRwUJQc.zkSUfgjT97iocxfaRlUWUBEzFhc2OD6NssuaBxeAIcQ&dib_tag=se&keywords=smart+lock&qid=1721374891&sr=8-287,2
Escozor速,6099,2.0,2,2,56,https://www.amazon.in/Escozor%C2%AE-Biometric-Fingerprint-Apartment-MFK01/dp/B09YTV2K5W/ref=sr_1_288?dib=eyJ2IjoiMSJ9.fPEThEHW000yOxrcCQXc2oHPBGpN0NeztbsCb8-PUVo6FuVPFD9L8WpUkxLnHivC6z2xTHrITC_g_hZjj6IbmvavT0xweZoBA74paK9igrgf1rwcKllMkK1eiB4GuXSm3bxXLig9lRXo1M_tAMZEjuFxPJt7uoFi-ZVUlRGgItnib7QdsQh0pvI3IZyZeFp42rHBBdfYY5HPUsbSa0FEL5VlCZWDcsOtbCRbTuG3SkhbeD50GhCgD5BYF4jgm7njyBEtTvYpz6ldbCkuQ4QgVsyy4XXAoTag7glqQRwUJQc.zkSUfgjT97iocxfaRlUWUBEzFhc2OD6NssuaBxeAIcQ&dib_tag=se&keywords=smart+lock&qid=1721374891&sr=8-288,3
